participant,part2instr_presented,target_cor,variable,abs_err,variablef
826867,0,0,err_to_cor,12.0618256944176,corr. part
826867,0,0.8,err_to_cor,15.1981544270499,corr. part
826867,0,1,err_to_cor,10.9057233921579,corr. part
826867,1,1,err_to_cor,11.1426030516884,corr. part
826867,1,0,err_to_cor,14.9336233974794,corr. part
826867,1,0.8,err_to_cor,13.6527148443757,corr. part
826869,0,1,err_to_cor,22.9939599725349,corr. part
826869,0,0.8,err_to_cor,20.5485522458432,corr. part
826869,0,0,err_to_cor,28.836295759594,corr. part
826869,-1,0.8,err_to_cor,20.2161624863587,corr. part
826869,-1,0,err_to_cor,20.384853479543,corr. part
826869,-1,1,err_to_cor,22.221023880484,corr. part
826888,0,1,err_to_cor,16.5720747007985,corr. part
826888,0,0,err_to_cor,20.2731981414667,corr. part
826888,0,0.8,err_to_cor,20.4954033278516,corr. part
826888,1,0.8,err_to_cor,15.3329678880813,corr. part
826888,1,0,err_to_cor,16.4897386624864,corr. part
826888,1,1,err_to_cor,14.5251702450367,corr. part
826899,0,0.8,err_to_cor,19.0632104245473,corr. part
826899,0,1,err_to_cor,14.064735585846,corr. part
826899,0,0,err_to_cor,17.8017969809207,corr. part
826899,-1,0.8,err_to_cor,18.5801513816031,corr. part
826899,-1,0,err_to_cor,15.9535629521401,corr. part
826899,-1,1,err_to_cor,14.5850413000822,corr. part
826921,0,0.8,err_to_cor,14.679066087456,corr. part
826921,0,0,err_to_cor,14.5690058985676,corr. part
826921,0,1,err_to_cor,16.1859678522543,corr. part
826921,-1,0.8,err_to_cor,16.1217414235224,corr. part
826921,-1,0,err_to_cor,14.2111493731655,corr. part
826921,-1,1,err_to_cor,15.1079447603808,corr. part
826936,0,1,err_to_cor,9.53448808851749,corr. part
826936,0,0,err_to_cor,15.448616193147,corr. part
826936,0,0.8,err_to_cor,16.8177156475392,corr. part
826936,1,0.8,err_to_cor,14.8578223526931,corr. part
826936,1,1,err_to_cor,15.1077302048048,corr. part
826936,1,0,err_to_cor,14.6132741545983,corr. part
826937,0,0.8,err_to_cor,20.9571638664792,corr. part
826937,0,1,err_to_cor,17.1770810089081,corr. part
826937,0,0,err_to_cor,21.0484667830552,corr. part
826937,1,0.8,err_to_cor,18.1452446292069,corr. part
826937,1,1,err_to_cor,16.9828513101363,corr. part
826937,1,0,err_to_cor,23.3889831459462,corr. part
826961,0,1,err_to_cor,13.6872977983611,corr. part
826961,0,0,err_to_cor,17.4709660816761,corr. part
826961,0,0.8,err_to_cor,17.6569817998174,corr. part
826961,-1,1,err_to_cor,15.537334861114,corr. part
826961,-1,0.8,err_to_cor,23.7632148321167,corr. part
826961,-1,0,err_to_cor,21.1405249613597,corr. part
826968,0,0,err_to_cor,18.9319609163617,corr. part
826968,0,1,err_to_cor,20.6358818897136,corr. part
826968,0,0.8,err_to_cor,21.0704052976925,corr. part
826968,1,0.8,err_to_cor,18.6522933244356,corr. part
826968,1,1,err_to_cor,16.148147040941,corr. part
826968,1,0,err_to_cor,18.4063728849317,corr. part
826972,0,0,err_to_cor,24.7818826733505,corr. part
826972,0,1,err_to_cor,25.2237388542828,corr. part
826972,0,0.8,err_to_cor,29.0894983276082,corr. part
826972,-1,1,err_to_cor,24.8622985492549,corr. part
826972,-1,0,err_to_cor,34.0056345301289,corr. part
826972,-1,0.8,err_to_cor,36.5222653601489,corr. part
826973,0,0.8,err_to_cor,15.1372895159451,corr. part
826973,0,1,err_to_cor,13.5560194041814,corr. part
826973,0,0,err_to_cor,15.7368564148759,corr. part
826973,1,1,err_to_cor,16.1513350712993,corr. part
826973,1,0.8,err_to_cor,15.1455054416543,corr. part
826973,1,0,err_to_cor,19.758228026203,corr. part
826974,0,0.8,err_to_cor,22.2911241091202,corr. part
826974,0,1,err_to_cor,21.7444590864983,corr. part
826974,0,0,err_to_cor,20.1918447042586,corr. part
826974,1,1,err_to_cor,20.3672710850901,corr. part
826974,1,0,err_to_cor,27.3105536403383,corr. part
826974,1,0.8,err_to_cor,24.0084967741055,corr. part
827061,0,0.8,err_to_cor,12.1335496212021,corr. part
827061,0,1,err_to_cor,9.59108206844191,corr. part
827061,0,0,err_to_cor,18.4821773346392,corr. part
827061,-1,0,err_to_cor,14.2738314772913,corr. part
827061,-1,0.8,err_to_cor,10.7364104518885,corr. part
827061,-1,1,err_to_cor,9.26153566902338,corr. part
827105,0,0.8,err_to_cor,20.6810338112482,corr. part
827105,0,1,err_to_cor,15.5495522665413,corr. part
827105,0,0,err_to_cor,18.7469532831744,corr. part
827105,-1,1,err_to_cor,21.9541157608535,corr. part
827105,-1,0.8,err_to_cor,23.004325038875,corr. part
827105,-1,0,err_to_cor,38.4767718665308,corr. part
827117,0,1,err_to_cor,18.6472170696867,corr. part
827117,0,0.8,err_to_cor,22.9620811401863,corr. part
827117,0,0,err_to_cor,21.2568258840232,corr. part
827117,-1,1,err_to_cor,21.1553000559758,corr. part
827117,-1,0.8,err_to_cor,27.483921634339,corr. part
827117,-1,0,err_to_cor,26.6133405519044,corr. part
827237,0,0,err_to_cor,11.6086505791449,corr. part
827237,0,1,err_to_cor,9.68258651906104,corr. part
827237,0,0.8,err_to_cor,24.1252304600066,corr. part
827237,-1,0.8,err_to_cor,19.5072951803668,corr. part
827237,-1,1,err_to_cor,13.2526235685561,corr. part
827237,-1,0,err_to_cor,12.1288473503787,corr. part
800619,0,0,err_to_cor,23.3112518217479,corr. part
800619,0,1,err_to_cor,16.1727184139785,corr. part
800619,0,0.8,err_to_cor,19.025833324378,corr. part
800619,1,1,err_to_cor,13.318101478495,corr. part
800619,1,0.8,err_to_cor,21.2707607784923,corr. part
800619,1,0,err_to_cor,19.6851611924924,corr. part
800686,0,1,err_to_cor,16.1109576612899,corr. part
800686,0,0.8,err_to_cor,25.4624178898289,corr. part
800686,0,0,err_to_cor,18.1053345106157,corr. part
800686,1,1,err_to_cor,17.0545631720428,corr. part
800686,1,0.8,err_to_cor,17.1817370244147,corr. part
800686,1,0,err_to_cor,19.9327909880772,corr. part
800700,0,1,err_to_cor,15.3853763440865,corr. part
800700,0,0.8,err_to_cor,15.8424458447868,corr. part
800700,0,0,err_to_cor,20.9597026567897,corr. part
800700,-1,1,err_to_cor,14.1306754032256,corr. part
800700,-1,0.8,err_to_cor,13.7943483313427,corr. part
800700,-1,0,err_to_cor,15.8143161448172,corr. part
800706,0,1,err_to_cor,24.0583635752688,corr. part
800706,0,0.8,err_to_cor,30.2155737266169,corr. part
800706,0,0,err_to_cor,32.4496979587226,corr. part
800706,1,1,err_to_cor,28.7725638440861,corr. part
800706,1,0.8,err_to_cor,28.6497233314116,corr. part
800706,1,0,err_to_cor,26.9667045131728,corr. part
800712,0,0,err_to_cor,11.8716821727254,corr. part
800712,0,0.8,err_to_cor,14.3845903307576,corr. part
800712,0,1,err_to_cor,14.7216162634406,corr. part
800712,-1,0.8,err_to_cor,15.2391384069318,corr. part
800712,-1,1,err_to_cor,16.6167405913976,corr. part
800712,-1,0,err_to_cor,13.7855852572681,corr. part
800715,0,1,err_to_cor,14.8304704301074,corr. part
800715,0,0.8,err_to_cor,21.4251170304527,corr. part
800715,0,0,err_to_cor,17.3078577358224,corr. part
800715,-1,1,err_to_cor,16.6812768817205,corr. part
800715,-1,0.8,err_to_cor,20.451941947966,corr. part
800715,-1,0,err_to_cor,19.4476811446965,corr. part
800719,0,0,err_to_cor,28.9614469767778,corr. part
800719,0,1,err_to_cor,18.0874999999997,corr. part
800719,0,0.8,err_to_cor,22.1409073103998,corr. part
800719,1,1,err_to_cor,19.7230309139786,corr. part
800719,1,0,err_to_cor,21.2701138709,corr. part
800719,1,0.8,err_to_cor,20.2184784942596,corr. part
800721,0,1,err_to_cor,8.48362231182831,corr. part
800721,0,0.8,err_to_cor,10.7800306888356,corr. part
800721,0,0,err_to_cor,11.9879073472131,corr. part
800721,1,1,err_to_cor,10.5283635752686,corr. part
800721,1,0.8,err_to_cor,12.9209101091788,corr. part
800721,1,0,err_to_cor,16.2358145499102,corr. part
800729,0,0,err_to_cor,20.1071851764723,corr. part
800729,0,1,err_to_cor,23.4663004032255,corr. part
800729,0,0.8,err_to_cor,31.2440682390008,corr. part
800729,-1,0,err_to_cor,28.8250132208874,corr. part
800729,-1,0.8,err_to_cor,35.9041218686285,corr. part
800729,-1,1,err_to_cor,23.3635987903228,corr. part
800734,0,0,err_to_cor,19.9833264448669,corr. part
800734,0,0.8,err_to_cor,33.2487025518192,corr. part
800734,0,1,err_to_cor,14.9728830645159,corr. part
800734,1,0.8,err_to_cor,20.5243242284382,corr. part
800734,1,1,err_to_cor,13.3283501344089,corr. part
800734,1,0,err_to_cor,14.7534843869186,corr. part
800746,0,0,err_to_cor,16.0185908552558,corr. part
800746,0,1,err_to_cor,19.7084240591401,corr. part
800746,0,0.8,err_to_cor,18.5077131677224,corr. part
800746,-1,1,err_to_cor,18.1907896505376,corr. part
800746,-1,0.8,err_to_cor,22.6169089721719,corr. part
800746,-1,0,err_to_cor,16.4059723618996,corr. part
800757,0,0.8,err_to_cor,19.9102947921911,corr. part
800757,0,1,err_to_cor,17.5544254032257,corr. part
800757,0,0,err_to_cor,18.4927634332281,corr. part
800757,1,1,err_to_cor,18.0944724462363,corr. part
800757,1,0.8,err_to_cor,17.0213663603172,corr. part
800757,1,0,err_to_cor,15.146520661927,corr. part
800764,0,1,err_to_cor,22.4405712365597,corr. part
800764,0,0.8,err_to_cor,21.0293618744363,corr. part
800764,0,0,err_to_cor,25.1239364207352,corr. part
800764,-1,1,err_to_cor,18.9553897849461,corr. part
800764,-1,0.8,err_to_cor,35.8833939932159,corr. part
800764,-1,0,err_to_cor,37.069985192187,corr. part
800799,0,1,err_to_cor,14.5264516129027,corr. part
800799,0,0,err_to_cor,14.9176030543609,corr. part
800799,0,0.8,err_to_cor,12.6539256642373,corr. part
800799,1,0.8,err_to_cor,24.9169426376619,corr. part
800799,1,0,err_to_cor,13.172130670722,corr. part
800799,1,1,err_to_cor,16.9516935483866,corr. part
800831,0,0,err_to_cor,24.3259414476529,corr. part
800831,0,0.8,err_to_cor,21.2480184606454,corr. part
800831,0,1,err_to_cor,13.0964818548387,corr. part
800831,-1,1,err_to_cor,14.9333467741931,corr. part
800831,-1,0.8,err_to_cor,16.3805169426384,corr. part
800831,-1,0,err_to_cor,12.0870245388877,corr. part
800986,0,0,err_to_cor,13.9814971037061,corr. part
800986,0,0.8,err_to_cor,21.8441026337329,corr. part
800986,0,1,err_to_cor,14.8987197580645,corr. part
800986,-1,1,err_to_cor,28.6516028225808,corr. part
800986,-1,0.8,err_to_cor,15.01925661853,corr. part
800986,-1,0,err_to_cor,14.8183379353193,corr. part
801154,0,0.8,err_to_cor,14.3735546835078,corr. part
801154,0,0,err_to_cor,16.3906697685405,corr. part
801154,0,1,err_to_cor,19.7752452956989,corr. part
801154,-1,0.8,err_to_cor,16.5490248711362,corr. part
801154,-1,0,err_to_cor,19.2378964248908,corr. part
801154,-1,1,err_to_cor,18.567624327957,corr. part
801528,0,1,err_to_cor,18.6592372311829,corr. part
801528,0,0.8,err_to_cor,24.8339397781863,corr. part
801528,0,0,err_to_cor,39.3702549757834,corr. part
801528,1,1,err_to_cor,12.0854099462367,corr. part
801528,1,0,err_to_cor,20.1769329834118,corr. part
801528,1,0.8,err_to_cor,21.5906284898348,corr. part
801565,0,1,err_to_cor,12.6854536290324,corr. part
801565,0,0.8,err_to_cor,22.0768087208389,corr. part
801565,0,0,err_to_cor,21.5452656014832,corr. part
801565,-1,1,err_to_cor,14.2804637096775,corr. part
801565,-1,0,err_to_cor,20.6656019191854,corr. part
801565,-1,0.8,err_to_cor,17.8838053960941,corr. part
801973,0,0,err_to_cor,16.1318362979538,corr. part
801973,0,1,err_to_cor,25.1272479838709,corr. part
801973,0,0.8,err_to_cor,29.7138548155096,corr. part
801973,-1,0.8,err_to_cor,20.0472333024579,corr. part
801973,-1,1,err_to_cor,19.0724059139788,corr. part
801973,-1,0,err_to_cor,31.1533617053094,corr. part
802029,0,0.8,err_to_cor,23.5204151716043,corr. part
802029,0,0,err_to_cor,22.2993497518621,corr. part
802029,0,1,err_to_cor,18.0474495967745,corr. part
802029,1,0.8,err_to_cor,15.3380521192904,corr. part
802029,1,0,err_to_cor,18.4847196491035,corr. part
802029,1,1,err_to_cor,19.2612264784946,corr. part
803867,0,0.8,err_to_cor,18.854163292201,corr. part
803867,0,1,err_to_cor,14.1229166666664,corr. part
803867,0,0,err_to_cor,20.4587616518659,corr. part
803867,-1,1,err_to_cor,13.9497647849464,corr. part
803867,-1,0.8,err_to_cor,16.2505634849713,corr. part
803867,-1,0,err_to_cor,13.8911739434565,corr. part
805879,0,1,err_to_cor,16.7860752688172,corr. part
805879,0,0,err_to_cor,15.7060927834566,corr. part
805879,0,0.8,err_to_cor,14.7101816078474,corr. part
805879,-1,1,err_to_cor,14.1328561827957,corr. part
805879,-1,0.8,err_to_cor,11.3729851688816,corr. part
805879,-1,0,err_to_cor,15.5280375246908,corr. part
808560,0,0.8,err_to_cor,14.3987731053452,corr. part
808560,0,1,err_to_cor,13.1934744623657,corr. part
808560,0,0,err_to_cor,17.8598639840208,corr. part
808560,-1,0.8,err_to_cor,17.0960861704376,corr. part
808560,-1,0,err_to_cor,19.485198863926,corr. part
808560,-1,1,err_to_cor,12.7452116935483,corr. part
828657,0,0.8,err_to_cor,19.3623860507407,corr. part
828657,0,1,err_to_cor,20.1561122311824,corr. part
828657,0,0,err_to_cor,15.4168842501053,corr. part
828657,1,1,err_to_cor,18.2854133064517,corr. part
828657,1,0.8,err_to_cor,15.8648589788624,corr. part
828657,1,0,err_to_cor,18.0472313684469,corr. part
826867,0,0,err_to_uncor,11.7003389854874,uncorr. part
826867,0,0.8,err_to_uncor,17.5879138550105,uncorr. part
826867,0,1,err_to_uncor,17.0879926250558,uncorr. part
826867,1,1,err_to_uncor,18.0942302272951,uncorr. part
826867,1,0,err_to_uncor,16.3651573916966,uncorr. part
826867,1,0.8,err_to_uncor,17.1169973013475,uncorr. part
826869,0,1,err_to_uncor,24.7631421464895,uncorr. part
826869,0,0.8,err_to_uncor,19.8256520126046,uncorr. part
826869,0,0,err_to_uncor,27.9004276450225,uncorr. part
826869,-1,0.8,err_to_uncor,20.9792007521883,uncorr. part
826869,-1,0,err_to_uncor,19.8429793781799,uncorr. part
826869,-1,1,err_to_uncor,22.9191295045432,uncorr. part
826888,0,1,err_to_uncor,18.1438899643546,uncorr. part
826888,0,0,err_to_uncor,20.1828941553347,uncorr. part
826888,0,0.8,err_to_uncor,18.1142402637285,uncorr. part
826888,1,0.8,err_to_uncor,16.069805330054,uncorr. part
826888,1,0,err_to_uncor,17.0539433119443,uncorr. part
826888,1,1,err_to_uncor,17.3947321195323,uncorr. part
826899,0,0.8,err_to_uncor,20.1774600474194,uncorr. part
826899,0,1,err_to_uncor,18.4380295884799,uncorr. part
826899,0,0,err_to_uncor,17.750950946675,uncorr. part
826899,-1,0.8,err_to_uncor,23.1279874865156,uncorr. part
826899,-1,0,err_to_uncor,14.9661916290249,uncorr. part
826899,-1,1,err_to_uncor,18.0876426432494,uncorr. part
826921,0,0.8,err_to_uncor,15.0315126639921,uncorr. part
826921,0,0,err_to_uncor,15.8664677214393,uncorr. part
826921,0,1,err_to_uncor,16.3415921780517,uncorr. part
826921,-1,0.8,err_to_uncor,15.3589033340153,uncorr. part
826921,-1,0,err_to_uncor,13.6066556642311,uncorr. part
826921,-1,1,err_to_uncor,14.474909075246,uncorr. part
826936,0,1,err_to_uncor,16.8069924099669,uncorr. part
826936,0,0,err_to_uncor,16.4192016126862,uncorr. part
826936,0,0.8,err_to_uncor,20.6172597739142,uncorr. part
826936,1,0.8,err_to_uncor,17.540601349332,uncorr. part
826936,1,1,err_to_uncor,20.4407920762448,uncorr. part
826936,1,0,err_to_uncor,14.3146021662656,uncorr. part
826937,0,0.8,err_to_uncor,18.1690781184194,uncorr. part
826937,0,1,err_to_uncor,21.9598687671513,uncorr. part
826937,0,0,err_to_uncor,21.655447022532,uncorr. part
826937,1,0.8,err_to_uncor,18.6773943211151,uncorr. part
826937,1,1,err_to_uncor,21.4597558488631,uncorr. part
826937,1,0,err_to_uncor,23.4273853788197,uncorr. part
826961,0,1,err_to_uncor,19.2924025158417,uncorr. part
826961,0,0,err_to_uncor,16.9989407480442,uncorr. part
826961,0,0.8,err_to_uncor,20.2171235610588,uncorr. part
826961,-1,1,err_to_uncor,20.2432122751577,uncorr. part
826961,-1,0.8,err_to_uncor,28.5555122937145,uncorr. part
826961,-1,0,err_to_uncor,21.0809083012725,uncorr. part
826968,0,0,err_to_uncor,19.8683255291623,uncorr. part
826968,0,1,err_to_uncor,24.8853183766903,uncorr. part
826968,0,0.8,err_to_uncor,24.377726895387,uncorr. part
826968,1,0.8,err_to_uncor,21.5534987369045,uncorr. part
826968,1,1,err_to_uncor,22.9978936213138,uncorr. part
826968,1,0,err_to_uncor,18.2182083270119,uncorr. part
826972,0,0,err_to_uncor,24.738857216683,uncorr. part
826972,0,1,err_to_uncor,25.4245756320775,uncorr. part
826972,0,0.8,err_to_uncor,28.3975237648464,uncorr. part
826972,-1,1,err_to_uncor,28.2300413280988,uncorr. part
826972,-1,0,err_to_uncor,34.991355497031,uncorr. part
826972,-1,0.8,err_to_uncor,36.5783972639548,uncorr. part
826973,0,0.8,err_to_uncor,20.6830972584953,uncorr. part
826973,0,1,err_to_uncor,21.0551518446513,uncorr. part
826973,0,0,err_to_uncor,16.3593184546436,uncorr. part
826973,1,1,err_to_uncor,24.4212631558891,uncorr. part
826973,1,0.8,err_to_uncor,18.4055260308581,uncorr. part
826973,1,0,err_to_uncor,20.6817974267864,uncorr. part
826974,0,0.8,err_to_uncor,21.5949108947965,uncorr. part
826974,0,1,err_to_uncor,23.4422492812012,uncorr. part
826974,0,0,err_to_uncor,20.4996253053704,uncorr. part
826974,1,1,err_to_uncor,19.9963417228437,uncorr. part
826974,1,0,err_to_uncor,27.804540346729,uncorr. part
826974,1,0.8,err_to_uncor,22.366451019,uncorr. part
827061,0,0.8,err_to_uncor,19.3130639023884,uncorr. part
827061,0,1,err_to_uncor,17.4244700060466,uncorr. part
827061,0,0,err_to_uncor,18.6346154041167,uncorr. part
827061,-1,0,err_to_uncor,14.7226778735734,uncorr. part
827061,-1,0.8,err_to_uncor,16.1564093380085,uncorr. part
827061,-1,1,err_to_uncor,18.6275653120824,uncorr. part
827105,0,0.8,err_to_uncor,20.8713887324491,uncorr. part
827105,0,1,err_to_uncor,21.1049740877932,uncorr. part
827105,0,0,err_to_uncor,18.7191256734275,uncorr. part
827105,-1,1,err_to_uncor,24.9848522358419,uncorr. part
827105,-1,0.8,err_to_uncor,25.4415418161494,uncorr. part
827105,-1,0,err_to_uncor,38.8104780917215,uncorr. part
827117,0,1,err_to_uncor,22.9199962776968,uncorr. part
827117,0,0.8,err_to_uncor,22.395008717494,uncorr. part
827117,0,0,err_to_uncor,21.0649890017401,uncorr. part
827117,-1,1,err_to_uncor,24.9845571626723,uncorr. part
827117,-1,0.8,err_to_uncor,33.0364936179622,uncorr. part
827117,-1,0,err_to_uncor,26.1632771446366,uncorr. part
827237,0,0,err_to_uncor,11.1861587945486,uncorr. part
827237,0,1,err_to_uncor,19.5321321274289,uncorr. part
827237,0,0.8,err_to_uncor,26.9649221171894,uncorr. part
827237,-1,0.8,err_to_uncor,26.3377497435833,uncorr. part
827237,-1,1,err_to_uncor,22.4728533035239,uncorr. part
827237,-1,0,err_to_uncor,12.8005782174387,uncorr. part
800619,0,0,err_to_uncor,22.1744575522115,uncorr. part
800619,0,1,err_to_uncor,23.6050342169616,uncorr. part
800619,0,0.8,err_to_uncor,22.4762667985683,uncorr. part
800619,1,1,err_to_uncor,19.6121668285067,uncorr. part
800619,1,0.8,err_to_uncor,24.5463766104116,uncorr. part
800619,1,0,err_to_uncor,18.7931975834544,uncorr. part
800686,0,1,err_to_uncor,19.7839104195642,uncorr. part
800686,0,0.8,err_to_uncor,25.0627328861182,uncorr. part
800686,0,0,err_to_uncor,17.8462140716373,uncorr. part
800686,1,1,err_to_uncor,23.613916516561,uncorr. part
800686,1,0.8,err_to_uncor,21.1148851163986,uncorr. part
800686,1,0,err_to_uncor,20.2158848009786,uncorr. part
800700,0,1,err_to_uncor,19.3133724958398,uncorr. part
800700,0,0.8,err_to_uncor,18.9781243556777,uncorr. part
800700,0,0,err_to_uncor,20.0832200719793,uncorr. part
800700,-1,1,err_to_uncor,23.4877616971216,uncorr. part
800700,-1,0.8,err_to_uncor,17.8126359070467,uncorr. part
800700,-1,0,err_to_uncor,15.5616998429109,uncorr. part
800706,0,1,err_to_uncor,24.8966613750661,uncorr. part
800706,0,0.8,err_to_uncor,28.8043312815745,uncorr. part
800706,0,0,err_to_uncor,34.080527911903,uncorr. part
800706,1,1,err_to_uncor,33.8165547461397,uncorr. part
800706,1,0.8,err_to_uncor,27.9735215332133,uncorr. part
800706,1,0,err_to_uncor,27.2830665866638,uncorr. part
800712,0,0,err_to_uncor,11.881338656829,uncorr. part
800712,0,0.8,err_to_uncor,12.0182673382971,uncorr. part
800712,0,1,err_to_uncor,11.0407256167422,uncorr. part
800712,-1,0.8,err_to_uncor,11.5124075061622,uncorr. part
800712,-1,1,err_to_uncor,12.4568799244902,uncorr. part
800712,-1,0,err_to_uncor,14.2117180269736,uncorr. part
800715,0,1,err_to_uncor,20.5430086958111,uncorr. part
800715,0,0.8,err_to_uncor,23.6687707074732,uncorr. part
800715,0,0,err_to_uncor,17.4452501581112,uncorr. part
800715,-1,1,err_to_uncor,17.7036652428537,uncorr. part
800715,-1,0.8,err_to_uncor,20.0598315562747,uncorr. part
800715,-1,0,err_to_uncor,18.7700654861034,uncorr. part
800719,0,0,err_to_uncor,28.9323882774163,uncorr. part
800719,0,1,err_to_uncor,26.2275110527676,uncorr. part
800719,0,0.8,err_to_uncor,22.7387150094936,uncorr. part
800719,1,1,err_to_uncor,25.6785537336701,uncorr. part
800719,1,0,err_to_uncor,21.49265864557,uncorr. part
800719,1,0.8,err_to_uncor,23.7553788057935,uncorr. part
800721,0,1,err_to_uncor,14.774884601233,uncorr. part
800721,0,0.8,err_to_uncor,13.7416823978153,uncorr. part
800721,0,0,err_to_uncor,11.4838881497015,uncorr. part
800721,1,1,err_to_uncor,16.0195973555039,uncorr. part
800721,1,0.8,err_to_uncor,14.929487188023,uncorr. part
800721,1,0,err_to_uncor,15.1344100968468,uncorr. part
800729,0,0,err_to_uncor,21.2143020471165,uncorr. part
800729,0,1,err_to_uncor,28.3069039986526,uncorr. part
800729,0,0.8,err_to_uncor,30.205219225808,uncorr. part
800729,-1,0,err_to_uncor,28.507585427505,uncorr. part
800729,-1,0.8,err_to_uncor,35.3930518112393,uncorr. part
800729,-1,1,err_to_uncor,27.8095991286182,uncorr. part
800734,0,0,err_to_uncor,20.9725372394738,uncorr. part
800734,0,0.8,err_to_uncor,32.5331934560933,uncorr. part
800734,0,1,err_to_uncor,16.1187712832804,uncorr. part
800734,1,0.8,err_to_uncor,23.9060317471144,uncorr. part
800734,1,1,err_to_uncor,19.3163486717735,uncorr. part
800734,1,0,err_to_uncor,15.3148045576135,uncorr. part
800746,0,0,err_to_uncor,16.302817343884,uncorr. part
800746,0,1,err_to_uncor,24.0083253629072,uncorr. part
800746,0,0.8,err_to_uncor,17.7535339484127,uncorr. part
800746,-1,1,err_to_uncor,20.9923438661651,uncorr. part
800746,-1,0.8,err_to_uncor,21.1138643161571,uncorr. part
800746,-1,0,err_to_uncor,16.8721397391101,uncorr. part
800757,0,0.8,err_to_uncor,20.7198869445517,uncorr. part
800757,0,1,err_to_uncor,21.6782126147632,uncorr. part
800757,0,0,err_to_uncor,19.9954380505695,uncorr. part
800757,1,1,err_to_uncor,23.2275040636786,uncorr. part
800757,1,0.8,err_to_uncor,19.1252197667611,uncorr. part
800757,1,0,err_to_uncor,15.5566519610789,uncorr. part
800764,0,1,err_to_uncor,26.8633559742808,uncorr. part
800764,0,0.8,err_to_uncor,20.6136911211776,uncorr. part
800764,0,0,err_to_uncor,24.9920402056023,uncorr. part
800764,-1,1,err_to_uncor,27.6947485805797,uncorr. part
800764,-1,0.8,err_to_uncor,38.3817352474469,uncorr. part
800764,-1,0,err_to_uncor,35.6340372025234,uncorr. part
800799,0,1,err_to_uncor,16.6305898379694,uncorr. part
800799,0,0,err_to_uncor,15.2827369238614,uncorr. part
800799,0,0.8,err_to_uncor,12.0749545212198,uncorr. part
800799,1,0.8,err_to_uncor,24.5270926354525,uncorr. part
800799,1,0,err_to_uncor,12.975180752535,uncorr. part
800799,1,1,err_to_uncor,21.4959191241446,uncorr. part
800831,0,0,err_to_uncor,24.6296538452219,uncorr. part
800831,0,0.8,err_to_uncor,19.7725416225877,uncorr. part
800831,0,1,err_to_uncor,17.6087666408891,uncorr. part
800831,-1,1,err_to_uncor,20.4772598594006,uncorr. part
800831,-1,0.8,err_to_uncor,17.6257494492926,uncorr. part
800831,-1,0,err_to_uncor,12.1342231488285,uncorr. part
800986,0,0,err_to_uncor,13.8547625444536,uncorr. part
800986,0,0.8,err_to_uncor,23.9136326357261,uncorr. part
800986,0,1,err_to_uncor,20.1691142396451,uncorr. part
800986,-1,1,err_to_uncor,30.493009613602,uncorr. part
800986,-1,0.8,err_to_uncor,17.3654011430764,uncorr. part
800986,-1,0,err_to_uncor,14.9752883421808,uncorr. part
801154,0,0.8,err_to_uncor,19.0274790851438,uncorr. part
801154,0,0,err_to_uncor,17.3035201214189,uncorr. part
801154,0,1,err_to_uncor,16.9737242756257,uncorr. part
801154,-1,0.8,err_to_uncor,18.2469397713,uncorr. part
801154,-1,0,err_to_uncor,19.5016236990606,uncorr. part
801154,-1,1,err_to_uncor,18.2222568914841,uncorr. part
801528,0,1,err_to_uncor,28.7672763169354,uncorr. part
801528,0,0.8,err_to_uncor,30.785495583245,uncorr. part
801528,0,0,err_to_uncor,39.1933108233453,uncorr. part
801528,1,1,err_to_uncor,22.0338457070562,uncorr. part
801528,1,0,err_to_uncor,20.5700453012047,uncorr. part
801528,1,0.8,err_to_uncor,26.8883593135709,uncorr. part
801565,0,1,err_to_uncor,20.9368772392344,uncorr. part
801565,0,0.8,err_to_uncor,21.4675075047026,uncorr. part
801565,0,0,err_to_uncor,22.1835088213553,uncorr. part
801565,-1,1,err_to_uncor,23.9520559893007,uncorr. part
801565,-1,0,err_to_uncor,19.9614727110031,uncorr. part
801565,-1,0.8,err_to_uncor,20.7980107219269,uncorr. part
801973,0,0,err_to_uncor,16.136680552789,uncorr. part
801973,0,1,err_to_uncor,21.604523846187,uncorr. part
801973,0,0.8,err_to_uncor,30.149331920534,uncorr. part
801973,-1,0.8,err_to_uncor,19.2179465838892,uncorr. part
801973,-1,1,err_to_uncor,23.2228792256899,uncorr. part
801973,-1,0,err_to_uncor,30.45691321176,uncorr. part
802029,0,0.8,err_to_uncor,25.440862828892,uncorr. part
802029,0,0,err_to_uncor,21.066273040469,uncorr. part
802029,0,1,err_to_uncor,20.4839478200041,uncorr. part
802029,1,0.8,err_to_uncor,16.6616242437328,uncorr. part
802029,1,0,err_to_uncor,19.2208941250821,uncorr. part
802029,1,1,err_to_uncor,24.9928853704302,uncorr. part
803867,0,0.8,err_to_uncor,19.0587748595203,uncorr. part
803867,0,1,err_to_uncor,20.7010894573992,uncorr. part
803867,0,0,err_to_uncor,19.8860738879092,uncorr. part
803867,-1,1,err_to_uncor,17.8798920060481,uncorr. part
803867,-1,0.8,err_to_uncor,18.0722560010162,uncorr. part
803867,-1,0,err_to_uncor,13.5926601086127,uncorr. part
805879,0,1,err_to_uncor,19.7899611649387,uncorr. part
805879,0,0,err_to_uncor,14.9623682607582,uncorr. part
805879,0,0.8,err_to_uncor,19.264937064339,uncorr. part
805879,-1,1,err_to_uncor,20.8097322299731,uncorr. part
805879,-1,0.8,err_to_uncor,14.3561200701116,uncorr. part
805879,-1,0,err_to_uncor,15.0883775996851,uncorr. part
808560,0,0.8,err_to_uncor,15.2920020912604,uncorr. part
808560,0,1,err_to_uncor,18.9812353163502,uncorr. part
808560,0,0,err_to_uncor,18.5503794164655,uncorr. part
808560,-1,0.8,err_to_uncor,18.056602987476,uncorr. part
808560,-1,0,err_to_uncor,18.9131978587645,uncorr. part
808560,-1,1,err_to_uncor,19.9673374808164,uncorr. part
828657,0,0.8,err_to_uncor,16.7895567982932,uncorr. part
828657,0,1,err_to_uncor,19.0978451337687,uncorr. part
828657,0,0,err_to_uncor,16.6115058245776,uncorr. part
828657,1,1,err_to_uncor,21.8088520862946,uncorr. part
828657,1,0.8,err_to_uncor,18.418095332023,uncorr. part
828657,1,0,err_to_uncor,18.4461988988817,uncorr. part
826867,0,0,err_to_pop_mean,11.825625,population mean
826867,0,0.8,err_to_pop_mean,18.4029166666667,population mean
826867,0,1,err_to_pop_mean,16.7716666666667,population mean
826867,1,1,err_to_pop_mean,18.1407291666667,population mean
826867,1,0,err_to_pop_mean,16.2,population mean
826867,1,0.8,err_to_pop_mean,17.0397916666667,population mean
826869,0,1,err_to_pop_mean,24.6127083333333,population mean
826869,0,0.8,err_to_pop_mean,20.2395833333333,population mean
826869,0,0,err_to_pop_mean,28.07375,population mean
826869,-1,0.8,err_to_pop_mean,21.2705208333333,population mean
826869,-1,0,err_to_pop_mean,20.1777083333333,population mean
826869,-1,1,err_to_pop_mean,22.6335416666667,population mean
826888,0,1,err_to_pop_mean,18.4244791666667,population mean
826888,0,0,err_to_pop_mean,20.3960416666667,population mean
826888,0,0.8,err_to_pop_mean,18.3972916666667,population mean
826888,1,0.8,err_to_pop_mean,16.9897916666667,population mean
826888,1,0,err_to_pop_mean,16.9685416666667,population mean
826888,1,1,err_to_pop_mean,17.796875,population mean
826899,0,0.8,err_to_pop_mean,19.65125,population mean
826899,0,1,err_to_pop_mean,18.6485416666667,population mean
826899,0,0,err_to_pop_mean,18.0254166666667,population mean
826899,-1,0.8,err_to_pop_mean,22.88875,population mean
826899,-1,0,err_to_pop_mean,15.6566666666667,population mean
826899,-1,1,err_to_pop_mean,18.8897916666667,population mean
826921,0,0.8,err_to_pop_mean,15.1986458333333,population mean
826921,0,0,err_to_pop_mean,14.9264583333333,population mean
826921,0,1,err_to_pop_mean,16.441875,population mean
826921,-1,0.8,err_to_pop_mean,15.23875,population mean
826921,-1,0,err_to_pop_mean,13.7627083333333,population mean
826921,-1,1,err_to_pop_mean,14.7810416666667,population mean
826936,0,1,err_to_pop_mean,17.5240625,population mean
826936,0,0,err_to_pop_mean,15.686875,population mean
826936,0,0.8,err_to_pop_mean,20.4371875,population mean
826936,1,0.8,err_to_pop_mean,17.3426041666667,population mean
826936,1,1,err_to_pop_mean,20.9105208333333,population mean
826936,1,0,err_to_pop_mean,14.7060416666667,population mean
826937,0,0.8,err_to_pop_mean,18.6752083333333,population mean
826937,0,1,err_to_pop_mean,22.0348958333333,population mean
826937,0,0,err_to_pop_mean,21.2341666666667,population mean
826937,1,0.8,err_to_pop_mean,19.0069791666667,population mean
826937,1,1,err_to_pop_mean,21.1607291666667,population mean
826937,1,0,err_to_pop_mean,23.6935416666667,population mean
826961,0,1,err_to_pop_mean,19.4079166666667,population mean
826961,0,0,err_to_pop_mean,16.9497916666667,population mean
826961,0,0.8,err_to_pop_mean,20.1338541666667,population mean
826961,-1,1,err_to_pop_mean,20.0551041666667,population mean
826961,-1,0.8,err_to_pop_mean,28.5369791666667,population mean
826961,-1,0,err_to_pop_mean,21.2883333333333,population mean
826968,0,0,err_to_pop_mean,19.1910416666667,population mean
826968,0,1,err_to_pop_mean,24.5840625,population mean
826968,0,0.8,err_to_pop_mean,24.3454166666667,population mean
826968,1,0.8,err_to_pop_mean,21.7611458333333,population mean
826968,1,1,err_to_pop_mean,22.5391666666667,population mean
826968,1,0,err_to_pop_mean,18.883125,population mean
826972,0,0,err_to_pop_mean,24.7666666666667,population mean
826972,0,1,err_to_pop_mean,25.3652083333333,population mean
826972,0,0.8,err_to_pop_mean,28.4646875,population mean
826972,-1,1,err_to_pop_mean,28.2857291666667,population mean
826972,-1,0,err_to_pop_mean,34.0570833333333,population mean
826972,-1,0.8,err_to_pop_mean,37.0848958333333,population mean
826973,0,0.8,err_to_pop_mean,20.5648958333333,population mean
826973,0,1,err_to_pop_mean,20.9523958333333,population mean
826973,0,0,err_to_pop_mean,15.7816666666667,population mean
826973,1,1,err_to_pop_mean,24.7802083333333,population mean
826973,1,0.8,err_to_pop_mean,18.0402083333333,population mean
826973,1,0,err_to_pop_mean,20.2666666666667,population mean
826974,0,0.8,err_to_pop_mean,21.593125,population mean
826974,0,1,err_to_pop_mean,23.5664583333333,population mean
826974,0,0,err_to_pop_mean,20.7645833333333,population mean
826974,1,1,err_to_pop_mean,20.6840625,population mean
826974,1,0,err_to_pop_mean,27.6464583333333,population mean
826974,1,0.8,err_to_pop_mean,22.7308333333333,population mean
827061,0,0.8,err_to_pop_mean,19.0047916666667,population mean
827061,0,1,err_to_pop_mean,17.5469791666667,population mean
827061,0,0,err_to_pop_mean,18.7029166666667,population mean
827061,-1,0,err_to_pop_mean,13.9391666666667,population mean
827061,-1,0.8,err_to_pop_mean,15.9986458333333,population mean
827061,-1,1,err_to_pop_mean,18.6764583333333,population mean
827105,0,0.8,err_to_pop_mean,20.6997916666667,population mean
827105,0,1,err_to_pop_mean,21.1159375,population mean
827105,0,0,err_to_pop_mean,18.9002083333333,population mean
827105,-1,1,err_to_pop_mean,24.6136458333333,population mean
827105,-1,0.8,err_to_pop_mean,25.6283333333333,population mean
827105,-1,0,err_to_pop_mean,38.3297916666667,population mean
827117,0,1,err_to_pop_mean,22.6851041666667,population mean
827117,0,0.8,err_to_pop_mean,22.7810416666667,population mean
827117,0,0,err_to_pop_mean,21.086875,population mean
827117,-1,1,err_to_pop_mean,24.5503125,population mean
827117,-1,0.8,err_to_pop_mean,32.9790625,population mean
827117,-1,0,err_to_pop_mean,26.680625,population mean
827237,0,0,err_to_pop_mean,11.0320833333333,population mean
827237,0,1,err_to_pop_mean,19.6235416666667,population mean
827237,0,0.8,err_to_pop_mean,26.9102083333333,population mean
827237,-1,0.8,err_to_pop_mean,25.6617708333333,population mean
827237,-1,1,err_to_pop_mean,22.1727083333333,population mean
827237,-1,0,err_to_pop_mean,11.895625,population mean
800619,0,0,err_to_pop_mean,22.5041666666667,population mean
800619,0,1,err_to_pop_mean,23.9677083333333,population mean
800619,0,0.8,err_to_pop_mean,22.1373958333333,population mean
800619,1,1,err_to_pop_mean,19.336875,population mean
800619,1,0.8,err_to_pop_mean,24.5826041666667,population mean
800619,1,0,err_to_pop_mean,19.2672916666667,population mean
800686,0,1,err_to_pop_mean,19.46,population mean
800686,0,0.8,err_to_pop_mean,25.7482291666667,population mean
800686,0,0,err_to_pop_mean,17.7675,population mean
800686,1,1,err_to_pop_mean,24.0210416666667,population mean
800686,1,0.8,err_to_pop_mean,21.3138541666667,population mean
800686,1,0,err_to_pop_mean,20.918125,population mean
800700,0,1,err_to_pop_mean,19.7016666666667,population mean
800700,0,0.8,err_to_pop_mean,19.5755208333333,population mean
800700,0,0,err_to_pop_mean,20.4035416666667,population mean
800700,-1,1,err_to_pop_mean,23.3022916666667,population mean
800700,-1,0.8,err_to_pop_mean,18.1610416666667,population mean
800700,-1,0,err_to_pop_mean,15.9285416666667,population mean
800706,0,1,err_to_pop_mean,24.71625,population mean
800706,0,0.8,err_to_pop_mean,29.5417708333333,population mean
800706,0,0,err_to_pop_mean,33.2541666666667,population mean
800706,1,1,err_to_pop_mean,33.5273958333333,population mean
800706,1,0.8,err_to_pop_mean,28.0642708333333,population mean
800706,1,0,err_to_pop_mean,26.7983333333333,population mean
800712,0,0,err_to_pop_mean,11.4310416666667,population mean
800712,0,0.8,err_to_pop_mean,11.9160416666667,population mean
800712,0,1,err_to_pop_mean,10.5838541666667,population mean
800712,-1,0.8,err_to_pop_mean,11.7251041666667,population mean
800712,-1,1,err_to_pop_mean,12.9114583333333,population mean
800712,-1,0,err_to_pop_mean,13.49625,population mean
800715,0,1,err_to_pop_mean,20.850625,population mean
800715,0,0.8,err_to_pop_mean,24.0523958333333,population mean
800715,0,0,err_to_pop_mean,17.2083333333333,population mean
800715,-1,1,err_to_pop_mean,17.9976041666667,population mean
800715,-1,0.8,err_to_pop_mean,20.3975,population mean
800715,-1,0,err_to_pop_mean,19.3579166666667,population mean
800719,0,0,err_to_pop_mean,28.8225,population mean
800719,0,1,err_to_pop_mean,26.8772916666667,population mean
800719,0,0.8,err_to_pop_mean,22.7810416666667,population mean
800719,1,1,err_to_pop_mean,25.619375,population mean
800719,1,0,err_to_pop_mean,21.695,population mean
800719,1,0.8,err_to_pop_mean,23.8338541666667,population mean
800721,0,1,err_to_pop_mean,15.5927083333333,population mean
800721,0,0.8,err_to_pop_mean,14.1238541666667,population mean
800721,0,0,err_to_pop_mean,11.8110416666667,population mean
800721,1,1,err_to_pop_mean,15.83875,population mean
800721,1,0.8,err_to_pop_mean,15.7590625,population mean
800721,1,0,err_to_pop_mean,15.911875,population mean
800729,0,0,err_to_pop_mean,20.2725,population mean
800729,0,1,err_to_pop_mean,28.5315625,population mean
800729,0,0.8,err_to_pop_mean,30.6988541666667,population mean
800729,-1,0,err_to_pop_mean,28.6077083333333,population mean
800729,-1,0.8,err_to_pop_mean,35.1053125,population mean
800729,-1,1,err_to_pop_mean,28.2560416666667,population mean
800734,0,0,err_to_pop_mean,20.845625,population mean
800734,0,0.8,err_to_pop_mean,32.74125,population mean
800734,0,1,err_to_pop_mean,16.8477083333333,population mean
800734,1,0.8,err_to_pop_mean,24.4314583333333,population mean
800734,1,1,err_to_pop_mean,19.1573958333333,population mean
800734,1,0,err_to_pop_mean,14.9791666666667,population mean
800746,0,0,err_to_pop_mean,16.061875,population mean
800746,0,1,err_to_pop_mean,24.4152083333333,population mean
800746,0,0.8,err_to_pop_mean,18.1346875,population mean
800746,-1,1,err_to_pop_mean,21.1469791666667,population mean
800746,-1,0.8,err_to_pop_mean,20.8069791666667,population mean
800746,-1,0,err_to_pop_mean,16.690625,population mean
800757,0,0.8,err_to_pop_mean,20.0645833333333,population mean
800757,0,1,err_to_pop_mean,22.4278125,population mean
800757,0,0,err_to_pop_mean,18.8139583333333,population mean
800757,1,1,err_to_pop_mean,23.5384375,population mean
800757,1,0.8,err_to_pop_mean,19.635,population mean
800757,1,0,err_to_pop_mean,15.25125,population mean
800764,0,1,err_to_pop_mean,27.0470833333333,population mean
800764,0,0.8,err_to_pop_mean,20.7159375,population mean
800764,0,0,err_to_pop_mean,25.2208333333333,population mean
800764,-1,1,err_to_pop_mean,28.1822916666667,population mean
800764,-1,0.8,err_to_pop_mean,38.3898958333333,population mean
800764,-1,0,err_to_pop_mean,36.661875,population mean
800799,0,1,err_to_pop_mean,16.9808333333333,population mean
800799,0,0,err_to_pop_mean,14.7572916666667,population mean
800799,0,0.8,err_to_pop_mean,12.8153125,population mean
800799,1,0.8,err_to_pop_mean,25.1367708333333,population mean
800799,1,0,err_to_pop_mean,13.7585416666667,population mean
800799,1,1,err_to_pop_mean,22.2890625,population mean
800831,0,0,err_to_pop_mean,25.4722916666667,population mean
800831,0,0.8,err_to_pop_mean,19.8805208333333,population mean
800831,0,1,err_to_pop_mean,17.6320833333333,population mean
800831,-1,1,err_to_pop_mean,21.3432291666667,population mean
800831,-1,0.8,err_to_pop_mean,17.3686458333333,population mean
800831,-1,0,err_to_pop_mean,12.0179166666667,population mean
800986,0,0,err_to_pop_mean,14.2060416666667,population mean
800986,0,0.8,err_to_pop_mean,24.5052083333333,population mean
800986,0,1,err_to_pop_mean,20.3234375,population mean
800986,-1,1,err_to_pop_mean,30.4932291666667,population mean
800986,-1,0.8,err_to_pop_mean,17.4579166666667,population mean
800986,-1,0,err_to_pop_mean,15.076875,population mean
801154,0,0.8,err_to_pop_mean,19.129375,population mean
801154,0,0,err_to_pop_mean,17.473125,population mean
801154,0,1,err_to_pop_mean,16.9209375,population mean
801154,-1,0.8,err_to_pop_mean,18.6528125,population mean
801154,-1,0,err_to_pop_mean,19.0529166666667,population mean
801154,-1,1,err_to_pop_mean,18.778125,population mean
801528,0,1,err_to_pop_mean,29.185,population mean
801528,0,0.8,err_to_pop_mean,30.679375,population mean
801528,0,0,err_to_pop_mean,39.006875,population mean
801528,1,1,err_to_pop_mean,21.9348958333333,population mean
801528,1,0,err_to_pop_mean,20.6935416666667,population mean
801528,1,0.8,err_to_pop_mean,27.1784375,population mean
801565,0,1,err_to_pop_mean,21.0527083333333,population mean
801565,0,0.8,err_to_pop_mean,21.8542708333333,population mean
801565,0,0,err_to_pop_mean,22.2845833333333,population mean
801565,-1,1,err_to_pop_mean,24.7184375,population mean
801565,-1,0,err_to_pop_mean,20.2764583333333,population mean
801565,-1,0.8,err_to_pop_mean,20.8129166666667,population mean
801973,0,0,err_to_pop_mean,15.8027083333333,population mean
801973,0,1,err_to_pop_mean,21.72125,population mean
801973,0,0.8,err_to_pop_mean,30.23375,population mean
801973,-1,0.8,err_to_pop_mean,19.3164583333333,population mean
801973,-1,1,err_to_pop_mean,23.3877083333333,population mean
801973,-1,0,err_to_pop_mean,30.615,population mean
802029,0,0.8,err_to_pop_mean,25.0030208333333,population mean
802029,0,0,err_to_pop_mean,21.8383333333333,population mean
802029,0,1,err_to_pop_mean,20.375,population mean
802029,1,0.8,err_to_pop_mean,17.1547916666667,population mean
802029,1,0,err_to_pop_mean,18.9014583333333,population mean
802029,1,1,err_to_pop_mean,25.2305208333333,population mean
803867,0,0.8,err_to_pop_mean,19.8490625,population mean
803867,0,1,err_to_pop_mean,21.319375,population mean
803867,0,0,err_to_pop_mean,19.5452083333333,population mean
803867,-1,1,err_to_pop_mean,18.0107291666667,population mean
803867,-1,0.8,err_to_pop_mean,18.2046875,population mean
803867,-1,0,err_to_pop_mean,12.9116666666667,population mean
805879,0,1,err_to_pop_mean,19.9767708333333,population mean
805879,0,0,err_to_pop_mean,15.4735416666667,population mean
805879,0,0.8,err_to_pop_mean,20.0101041666667,population mean
805879,-1,1,err_to_pop_mean,21.0765625,population mean
805879,-1,0.8,err_to_pop_mean,15.0428125,population mean
805879,-1,0,err_to_pop_mean,15.6472916666667,population mean
808560,0,0.8,err_to_pop_mean,15.5752083333333,population mean
808560,0,1,err_to_pop_mean,19.2935416666667,population mean
808560,0,0,err_to_pop_mean,18.2804166666667,population mean
808560,-1,0.8,err_to_pop_mean,18.2141666666667,population mean
808560,-1,0,err_to_pop_mean,19.2602083333333,population mean
808560,-1,1,err_to_pop_mean,20.9797916666667,population mean
828657,0,0.8,err_to_pop_mean,16.8252083333333,population mean
828657,0,1,err_to_pop_mean,19.1098958333333,population mean
828657,0,0,err_to_pop_mean,15.8897916666667,population mean
828657,1,1,err_to_pop_mean,22.1608333333333,population mean
828657,1,0.8,err_to_pop_mean,18.409375,population mean
828657,1,0,err_to_pop_mean,18.4729166666667,population mean
826867,0,0,err_to_sample_mean,11.7714937207139,sample mean
826867,0,0.8,err_to_sample_mean,14.9129023088932,sample mean
826867,0,1,err_to_sample_mean,11.3509457954319,sample mean
826867,1,1,err_to_sample_mean,13.1991080836933,sample mean
826867,1,0,err_to_sample_mean,15.617569897401,sample mean
826867,1,0.8,err_to_sample_mean,14.0011416591499,sample mean
826869,0,1,err_to_sample_mean,21.9714028964609,sample mean
826869,0,0.8,err_to_sample_mean,18.9242789346249,sample mean
826869,0,0,err_to_sample_mean,28.3653374673681,sample mean
826869,-1,0.8,err_to_sample_mean,19.0848866704488,sample mean
826869,-1,0,err_to_sample_mean,19.9538961858743,sample mean
826869,-1,1,err_to_sample_mean,21.2756338702813,sample mean
826888,0,1,err_to_sample_mean,15.4826188407037,sample mean
826888,0,0,err_to_sample_mean,20.2147105804664,sample mean
826888,0,0.8,err_to_sample_mean,17.3816288388237,sample mean
826888,1,0.8,err_to_sample_mean,14.378005873162,sample mean
826888,1,0,err_to_sample_mean,16.6817655675288,sample mean
826888,1,1,err_to_sample_mean,14.7494472400407,sample mean
826899,0,0.8,err_to_sample_mean,18.0908104953969,sample mean
826899,0,1,err_to_sample_mean,15.0093889996097,sample mean
826899,0,0,err_to_sample_mean,17.7088771959343,sample mean
826899,-1,0.8,err_to_sample_mean,19.9508749904092,sample mean
826899,-1,0,err_to_sample_mean,15.3600358072946,sample mean
826899,-1,1,err_to_sample_mean,13.9415816208544,sample mean
826921,0,0.8,err_to_sample_mean,12.3454559926576,sample mean
826921,0,0,err_to_sample_mean,14.956948506409,sample mean
826921,0,1,err_to_sample_mean,13.5987876649655,sample mean
826921,-1,0.8,err_to_sample_mean,14.2395302275708,sample mean
826921,-1,0,err_to_sample_mean,13.6004531531801,sample mean
826921,-1,1,err_to_sample_mean,12.1895995549755,sample mean
826936,0,1,err_to_sample_mean,11.3103764489364,sample mean
826936,0,0,err_to_sample_mean,15.8164440808522,sample mean
826936,0,0.8,err_to_sample_mean,17.3040063746867,sample mean
826936,1,0.8,err_to_sample_mean,14.4524246293667,sample mean
826936,1,1,err_to_sample_mean,16.387243281714,sample mean
826936,1,0,err_to_sample_mean,14.3437111315173,sample mean
826937,0,0.8,err_to_sample_mean,18.4544014968563,sample mean
826937,0,1,err_to_sample_mean,18.4867738204961,sample mean
826937,0,0,err_to_sample_mean,21.2574249962011,sample mean
826937,1,0.8,err_to_sample_mean,17.5321149046201,sample mean
826937,1,1,err_to_sample_mean,17.8505454504538,sample mean
826937,1,0,err_to_sample_mean,23.1273197162102,sample mean
826961,0,1,err_to_sample_mean,14.5436059242105,sample mean
826961,0,0,err_to_sample_mean,16.8847453857506,sample mean
826961,0,0.8,err_to_sample_mean,17.8369863501548,sample mean
826961,-1,1,err_to_sample_mean,16.1139576132059,sample mean
826961,-1,0.8,err_to_sample_mean,25.389143527756,sample mean
826961,-1,0,err_to_sample_mean,21.0111814929367,sample mean
826968,0,0,err_to_sample_mean,19.1914346854605,sample mean
826968,0,1,err_to_sample_mean,21.9056111091303,sample mean
826968,0,0.8,err_to_sample_mean,21.8797844542853,sample mean
826968,1,0.8,err_to_sample_mean,18.5397140631674,sample mean
826968,1,1,err_to_sample_mean,17.7967342802928,sample mean
826968,1,0,err_to_sample_mean,18.2292953043997,sample mean
826972,0,0,err_to_sample_mean,24.5963705272933,sample mean
826972,0,1,err_to_sample_mean,24.137491850761,sample mean
826972,0,0.8,err_to_sample_mean,27.7631815786067,sample mean
826972,-1,1,err_to_sample_mean,25.3013879735437,sample mean
826972,-1,0,err_to_sample_mean,34.3685662480613,sample mean
826972,-1,0.8,err_to_sample_mean,35.2744319477864,sample mean
826973,0,0.8,err_to_sample_mean,16.4826284567499,sample mean
826973,0,1,err_to_sample_mean,16.00492271682,sample mean
826973,0,0,err_to_sample_mean,15.7706231122647,sample mean
826973,1,1,err_to_sample_mean,19.0660516183925,sample mean
826973,1,0.8,err_to_sample_mean,15.0817010542768,sample mean
826973,1,0,err_to_sample_mean,20.0887267027252,sample mean
826974,0,0.8,err_to_sample_mean,20.8920086090559,sample mean
826974,0,1,err_to_sample_mean,21.267510172309,sample mean
826974,0,0,err_to_sample_mean,20.3012342569971,sample mean
826974,1,1,err_to_sample_mean,19.0230580053008,sample mean
826974,1,0,err_to_sample_mean,27.469170510638,sample mean
826974,1,0.8,err_to_sample_mean,22.4026959250034,sample mean
827061,0,0.8,err_to_sample_mean,13.9408383900102,sample mean
827061,0,1,err_to_sample_mean,11.7061205526347,sample mean
827061,0,0,err_to_sample_mean,18.4592285178009,sample mean
827061,-1,0,err_to_sample_mean,14.3626568254831,sample mean
827061,-1,0.8,err_to_sample_mean,11.7002012122677,sample mean
827061,-1,1,err_to_sample_mean,11.5575491527597,sample mean
827105,0,0.8,err_to_sample_mean,18.3727508782276,sample mean
827105,0,1,err_to_sample_mean,16.6272304927072,sample mean
827105,0,0,err_to_sample_mean,18.6764404393078,sample mean
827105,-1,1,err_to_sample_mean,21.6990575716149,sample mean
827105,-1,0.8,err_to_sample_mean,23.0999627452169,sample mean
827105,-1,0,err_to_sample_mean,38.5916834108036,sample mean
827117,0,1,err_to_sample_mean,19.3830805746868,sample mean
827117,0,0.8,err_to_sample_mean,21.621577319753,sample mean
827117,0,0,err_to_sample_mean,21.1247464104623,sample mean
827117,-1,1,err_to_sample_mean,21.7006934822767,sample mean
827117,-1,0.8,err_to_sample_mean,29.282119645323,sample mean
827117,-1,0,err_to_sample_mean,26.3373388336155,sample mean
827237,0,0,err_to_sample_mean,11.1151638987353,sample mean
827237,0,1,err_to_sample_mean,13.0064107017771,sample mean
827237,0,0.8,err_to_sample_mean,24.6084812635274,sample mean
827237,-1,0.8,err_to_sample_mean,21.6553196785578,sample mean
827237,-1,1,err_to_sample_mean,16.596671316168,sample mean
827237,-1,0,err_to_sample_mean,12.2922991437661,sample mean
800619,0,0,err_to_sample_mean,22.7060440904817,sample mean
800619,0,1,err_to_sample_mean,18.6465039755791,sample mean
800619,0,0.8,err_to_sample_mean,20.0568250370494,sample mean
800619,1,1,err_to_sample_mean,15.5463407037922,sample mean
800619,1,0.8,err_to_sample_mean,21.8643925656431,sample mean
800619,1,0,err_to_sample_mean,19.1632625516637,sample mean
800686,0,1,err_to_sample_mean,16.1711270345216,sample mean
800686,0,0.8,err_to_sample_mean,23.7780621809961,sample mean
800686,0,0,err_to_sample_mean,17.7789061249499,sample mean
800686,1,1,err_to_sample_mean,19.065987845764,sample mean
800686,1,0.8,err_to_sample_mean,18.2706544396147,sample mean
800686,1,0,err_to_sample_mean,20.0798678318697,sample mean
800700,0,1,err_to_sample_mean,15.8403478558486,sample mean
800700,0,0.8,err_to_sample_mean,15.6324689182699,sample mean
800700,0,0,err_to_sample_mean,20.3537562203798,sample mean
800700,-1,1,err_to_sample_mean,17.2630183530287,sample mean
800700,-1,0.8,err_to_sample_mean,14.8117916618909,sample mean
800700,-1,0,err_to_sample_mean,15.5209905637478,sample mean
800706,0,1,err_to_sample_mean,23.2666064544282,sample mean
800706,0,0.8,err_to_sample_mean,28.6270679296286,sample mean
800706,0,0,err_to_sample_mean,33.2930604497369,sample mean
800706,1,1,err_to_sample_mean,30.4983229566703,sample mean
800706,1,0.8,err_to_sample_mean,27.3329629064892,sample mean
800706,1,0,err_to_sample_mean,27.0904334634425,sample mean
800712,0,0,err_to_sample_mean,11.6704209855183,sample mean
800712,0,0.8,err_to_sample_mean,11.0790537342834,sample mean
800712,0,1,err_to_sample_mean,9.33595134986812,sample mean
800712,-1,0.8,err_to_sample_mean,11.9198431012441,sample mean
800712,-1,1,err_to_sample_mean,12.7320213753623,sample mean
800712,-1,0,err_to_sample_mean,13.7323443142065,sample mean
800715,0,1,err_to_sample_mean,16.6544510812344,sample mean
800715,0,0.8,err_to_sample_mean,20.9322128014739,sample mean
800715,0,0,err_to_sample_mean,17.3803820655232,sample mean
800715,-1,1,err_to_sample_mean,15.3296577751204,sample mean
800715,-1,0.8,err_to_sample_mean,18.5711520249823,sample mean
800715,-1,0,err_to_sample_mean,18.9608989063591,sample mean
800719,0,0,err_to_sample_mean,28.9486665303349,sample mean
800719,0,1,err_to_sample_mean,20.8493300696664,sample mean
800719,0,0.8,err_to_sample_mean,21.5193182143436,sample mean
800719,1,1,err_to_sample_mean,21.3612751888223,sample mean
800719,1,0,err_to_sample_mean,21.3277827029566,sample mean
800719,1,0.8,err_to_sample_mean,21.2037898561043,sample mean
800721,0,1,err_to_sample_mean,9.71226894662083,sample mean
800721,0,0.8,err_to_sample_mean,10.4108611378759,sample mean
800721,0,0,err_to_sample_mean,11.6119583170261,sample mean
800721,1,1,err_to_sample_mean,11.5995226005465,sample mean
800721,1,0.8,err_to_sample_mean,10.9775536687245,sample mean
800721,1,0,err_to_sample_mean,15.6046850376451,sample mean
800729,0,0,err_to_sample_mean,20.5156662979785,sample mean
800729,0,1,err_to_sample_mean,24.5593766862439,sample mean
800729,0,0.8,err_to_sample_mean,29.1240578450851,sample mean
800729,-1,0,err_to_sample_mean,28.4892395268187,sample mean
800729,-1,0.8,err_to_sample_mean,34.5092899231887,sample mean
800729,-1,1,err_to_sample_mean,24.3664860951148,sample mean
800734,0,0,err_to_sample_mean,20.4198794972067,sample mean
800734,0,0.8,err_to_sample_mean,31.7359442920153,sample mean
800734,0,1,err_to_sample_mean,13.9183216636442,sample mean
800734,1,0.8,err_to_sample_mean,21.5000944096274,sample mean
800734,1,1,err_to_sample_mean,14.6874499030263,sample mean
800734,1,0,err_to_sample_mean,15.0396282084002,sample mean
800746,0,0,err_to_sample_mean,15.8513442940971,sample mean
800746,0,1,err_to_sample_mean,20.2046353311772,sample mean
800746,0,0.8,err_to_sample_mean,16.864090480507,sample mean
800746,-1,1,err_to_sample_mean,17.0824068606661,sample mean
800746,-1,0.8,err_to_sample_mean,21.1986314488616,sample mean
800746,-1,0,err_to_sample_mean,16.4883645355062,sample mean
800757,0,0.8,err_to_sample_mean,18.9799056830858,sample mean
800757,0,1,err_to_sample_mean,18.6733274828221,sample mean
800757,0,0,err_to_sample_mean,19.1171141938196,sample mean
800757,1,1,err_to_sample_mean,18.5828611685967,sample mean
800757,1,0.8,err_to_sample_mean,17.0110522433973,sample mean
800757,1,0,err_to_sample_mean,15.3031306350527,sample mean
800764,0,1,err_to_sample_mean,23.0220233123388,sample mean
800764,0,0.8,err_to_sample_mean,19.2375728474007,sample mean
800764,0,0,err_to_sample_mean,24.9250818852222,sample mean
800764,-1,1,err_to_sample_mean,22.096091599925,sample mean
800764,-1,0.8,err_to_sample_mean,36.2221609637562,sample mean
800764,-1,0,err_to_sample_mean,36.2747415205529,sample mean
800799,0,1,err_to_sample_mean,12.9580316956127,sample mean
800799,0,0,err_to_sample_mean,14.9939287471089,sample mean
800799,0,0.8,err_to_sample_mean,10.268455577135,sample mean
800799,1,0.8,err_to_sample_mean,23.4329962598051,sample mean
800799,1,0,err_to_sample_mean,12.9769327414978,sample mean
800799,1,1,err_to_sample_mean,17.8261588847137,sample mean
800831,0,0,err_to_sample_mean,24.420556960103,sample mean
800831,0,0.8,err_to_sample_mean,19.4287545039898,sample mean
800831,0,1,err_to_sample_mean,13.6266664791186,sample mean
800831,-1,1,err_to_sample_mean,16.4297823048188,sample mean
800831,-1,0.8,err_to_sample_mean,15.880859510963,sample mean
800831,-1,0,err_to_sample_mean,11.9256751882553,sample mean
800986,0,0,err_to_sample_mean,13.7586218495889,sample mean
800986,0,0.8,err_to_sample_mean,21.7246605738906,sample mean
800986,0,1,err_to_sample_mean,15.5675858719069,sample mean
800986,-1,1,err_to_sample_mean,28.5440546341989,sample mean
800986,-1,0.8,err_to_sample_mean,14.121632241167,sample mean
800986,-1,0,err_to_sample_mean,14.7771519981332,sample mean
801154,0,0.8,err_to_sample_mean,15.355891367385,sample mean
801154,0,0,err_to_sample_mean,16.8430783706699,sample mean
801154,0,1,err_to_sample_mean,17.150308405398,sample mean
801154,-1,0.8,err_to_sample_mean,15.7985045591369,sample mean
801154,-1,0,err_to_sample_mean,19.3117672494303,sample mean
801154,-1,1,err_to_sample_mean,16.2676019638934,sample mean
801528,0,1,err_to_sample_mean,22.396659371703,sample mean
801528,0,0.8,err_to_sample_mean,26.4866845953221,sample mean
801528,0,0,err_to_sample_mean,39.3022984048757,sample mean
801528,1,1,err_to_sample_mean,15.5018249922851,sample mean
801528,1,0,err_to_sample_mean,20.3314069687542,sample mean
801528,1,0.8,err_to_sample_mean,22.6623205400487,sample mean
801565,0,1,err_to_sample_mean,15.0961346461138,sample mean
801565,0,0.8,err_to_sample_mean,20.1729499668194,sample mean
801565,0,0,err_to_sample_mean,21.7302012042144,sample mean
801565,-1,1,err_to_sample_mean,18.139161382528,sample mean
801565,-1,0,err_to_sample_mean,20.1777151548086,sample mean
801565,-1,0.8,err_to_sample_mean,18.3779068025881,sample mean
801973,0,0,err_to_sample_mean,15.9348166653656,sample mean
801973,0,1,err_to_sample_mean,22.1670117951863,sample mean
801973,0,0.8,err_to_sample_mean,28.9628406520312,sample mean
801973,-1,0.8,err_to_sample_mean,17.9908259809947,sample mean
801973,-1,1,err_to_sample_mean,19.4561790642859,sample mean
801973,-1,0,err_to_sample_mean,30.6365914938841,sample mean
802029,0,0.8,err_to_sample_mean,23.3135051672129,sample mean
802029,0,0,err_to_sample_mean,21.5872199789922,sample mean
802029,0,1,err_to_sample_mean,17.7152716016347,sample mean
802029,1,0.8,err_to_sample_mean,14.7141580398182,sample mean
802029,1,0,err_to_sample_mean,18.8573880995126,sample mean
802029,1,1,err_to_sample_mean,20.3959555974843,sample mean
803867,0,0.8,err_to_sample_mean,17.8195802924468,sample mean
803867,0,1,err_to_sample_mean,15.4893118621865,sample mean
803867,0,0,err_to_sample_mean,20.0684163862999,sample mean
803867,-1,1,err_to_sample_mean,14.5541213903208,sample mean
803867,-1,0.8,err_to_sample_mean,15.8878579179854,sample mean
803867,-1,0,err_to_sample_mean,13.7246057394805,sample mean
805879,0,1,err_to_sample_mean,17.0879283986819,sample mean
805879,0,0,err_to_sample_mean,15.2765716575131,sample mean
805879,0,0.8,err_to_sample_mean,15.5034189190205,sample mean
805879,-1,1,err_to_sample_mean,15.3442431995046,sample mean
805879,-1,0.8,err_to_sample_mean,11.7234975592012,sample mean
805879,-1,0,err_to_sample_mean,15.2172057259772,sample mean
808560,0,0.8,err_to_sample_mean,13.6241099131974,sample mean
808560,0,1,err_to_sample_mean,14.1326040097461,sample mean
808560,0,0,err_to_sample_mean,17.9951987035604,sample mean
808560,-1,0.8,err_to_sample_mean,15.1905841218215,sample mean
808560,-1,0,err_to_sample_mean,19.1160908252336,sample mean
808560,-1,1,err_to_sample_mean,15.2339579075445,sample mean
828657,0,0.8,err_to_sample_mean,16.5382850459943,sample mean
828657,0,1,err_to_sample_mean,18.2504771917998,sample mean
828657,0,0,err_to_sample_mean,15.8819865277503,sample mean
828657,1,1,err_to_sample_mean,18.4757731606552,sample mean
828657,1,0.8,err_to_sample_mean,16.0410333032102,sample mean
828657,1,0,err_to_sample_mean,18.2091497716476,sample mean
